{
  "pool": {
    "tokenA": 1100,
    "tokenB": 1002.3809523809524,
    "K": 1102619.0476190476
  },
  "userBalance": {
    "tokenA": 450,
    "tokenB": 547.6190476190476
  }
}