{
  "pool": {
    "tokenA": 1500,
    "tokenB": 666.6666666666666,
    "K": 1000000
  },
  "userBalance": {
    "tokenA": 0,
    "tokenB": 833.3333333333334
  }
}