{
  "pool": {
    "tokenA": 1100.2159827213823,
    "tokenB": 1099.8974170645122,
    "K": 1210124.7176083424
  },
  "userBalance": {
    "tokenA": 499.7840172786176,
    "tokenB": 500.1025829354877
  }
}