{
  "pool": {
    "tokenA": 1456.3106796116506,
    "tokenB": 686.6666666666666,
    "K": 1000000
  },
  "userBalance": {
    "tokenA": 43.689320388349415,
    "tokenB": 813.3333333333334
  }
}