{
  "pool": {
    "tokenA": 952.3809523809524,
    "tokenB": 1050,
    "K": 1000000
  },
  "userBalance": {
    "tokenA": 547.6190476190476,
    "tokenB": 450
  }
}