{
  "pool": {
    "tokenA": 1200,
    "tokenB": 1003.2727272727273,
    "K": 1203927.2727272727
  },
  "userBalance": {
    "tokenA": 450,
    "tokenB": 547.7272727272727
  }
}