{
  "pool": {
    "tokenA": 1719.3662159166481,
    "tokenB": 2189.9089706102104,
    "K": 3765255.5
  },
  "userBalance": {
    "tokenA": 781.6337840833519,
    "tokenB": 68.09102938978958
  }
}